artifact	entries	manifest_sha256	result
artifacts/qa/frontend-build/080033ae56e3c793ba3a998276cac5daeb969d50/20260715T011751Z	13	3788a80ddf365dee4e6c1dd5bf3f93458514dea179b2e1e019a76768e5f84698	PASS
artifacts/qa/backend-build/080033ae56e3c793ba3a998276cac5daeb969d50/20260715T011720Z	96	ada5ea790555953760d7f4b2daa41a4bc7c39b4f41af1afcc7e4264072744818	PASS
artifacts/qa/panel-navigation/080033ae56e3c793ba3a998276cac5daeb969d50/20260715T010846Z	31	27ffb099630b90885a9f95ccedfd080d424204e9cd80d305dc8331a42924a5e5	PASS
artifacts/qa/baseline/080033ae56e3c793ba3a998276cac5daeb969d50/20260715T011904Z	49	422c1e80a28f998ee32b8d4fb3010b658ad77ae1cfe6c979c469531415857948	PASS
artifacts/qa/a11y-matrix/080033ae56e3c793ba3a998276cac5daeb969d50/20260715T011941Z	94	53c2bf32b544517485d40af69845e004c452b4a0683d775ee251ace95556bebd	PASS
artifacts/qa/referral-compliance/080033ae56e3c793ba3a998276cac5daeb969d50/20260715T012118Z	61	98b7596f797be0a46db9a23159995e37e6711d479a52353cab38b0315459c314	PASS
artifacts/qa/visual-determinism/080033ae56e3c793ba3a998276cac5daeb969d50/20260715T012203Z	58	815cf8c6d2dd9cf60bf9702d5832c8158d17a4a4656790be8c817909d1e385be	PASS
artifacts/qa/visual-determinism/080033ae56e3c793ba3a998276cac5daeb969d50/20260715T012250Z	60	8ec5f593b6c75e787c20cadee30ccf7754c36d9c23d739452ae300c9e7e59356	PASS
artifacts/qa/interactions/080033ae56e3c793ba3a998276cac5daeb969d50/20260715T012351Z	79	893e78e2eebfbc7d06147806fb4dbf855d5a731d7755dfff27d5d0504907f685	PASS
artifacts/qa/frontend-inventory/080033ae56e3c793ba3a998276cac5daeb969d50/20260715T012524Z	12	3d3ef3def346f998688565bcc2b08528a35b6295e237b727dc965540285e28e3	PASS
artifacts/qa/javascript/080033ae56e3c793ba3a998276cac5daeb969d50/20260715T013052Z	12	07db5c1a23de15f41f909e16c052e9da23958311a57f4ece044f1ad94f770264	PASS
artifacts/qa/performance/080033ae56e3c793ba3a998276cac5daeb969d50/20260715T013244Z	36	092979d3752e812de145bca115bd5c032992e4dcbb6386bbd420b182e881064a	PASS
artifacts/qa/quote-commit/080033ae56e3c793ba3a998276cac5daeb969d50/20260715T013516Z	25	89a44d48b144c2e878e0de2f4ffe0e0dbc4e99bec91c13b216d804d8c10704c2	PASS
artifacts/qa/security-headers/080033ae56e3c793ba3a998276cac5daeb969d50/20260715T012839Z	114	c851dc0890cc2dc3e81a369e6a06bdf1e843ec5f90c9d3fbbe99afe5aacea3ff	PASS
artifacts/qa/supply-chain/080033ae56e3c793ba3a998276cac5daeb969d50/20260715T012504Z	34	995c551c1febf88e41e1b56a9d71d5315c8c09b3d8edfc3c89570ea508a96883	PASS
artifacts/qa/current-source-secrets/080033ae56e3c793ba3a998276cac5daeb969d50/20260715T015218Z	9	df9a0ab0cb05bd00ffcf5d8b7ab62698f598e9558f1ee96c5c5c2fa40d531dd4	PASS
artifacts/qa/all-artifacts-secrets/080033ae56e3c793ba3a998276cac5daeb969d50/20260715T014820Z	7	c10dbe064826b87c7fe938a3a5dbb27e01375ca051d289d197c9e6d9f63e40cf	PASS
