id,area,priority,requirement,acceptance_criteria,required_evidence,status,baseline_status,gate_result,owner_role,dependencies,spec_refs,increment,critical_path,test_ids,artifact_paths,commit,last_verified_at,notes
PC-001,محصول,P0,هدف محصول در تمام تصمیم‌ها اولویت داشته باشد,تصمیم‌های اصلی به هدف «بهترین تجربه برای فارسی‌زبانان» و ADR متصل باشند,ADR + بازبینی محصول,NOT_STARTED,BASELINING,NOT_ASSESSED,Delivery/Traceability Lead,internal governance chain,§1; §2.2; §35.3; §40,I0-GOV,critical,,,,,
PC-002,محصول,P0,هیچ قابلیت موجود بدون مجوز حذف نشود,Inventory و Characterization test ثابت کند همه مسیرهای Baseline باقی مانده‌اند,Baseline diff + E2E,IN_PROGRESS,BASELINED,PARTIAL,QA Baseline Lead + Architect,PC-001;PC-007;PC-159;PC-160,§1.2; §6.1–6.2; §8.2; §34/F0,I0-INVENTORY,critical,BASE-ROOT;QA-INV-003;QA-INT-002;QA-BE-003,docs/BASELINE_INVENTORY.md;artifacts/qa/frontend-inventory/080033ae56e3c793ba3a998276cac5daeb969d50/20260715T012524Z;artifacts/qa/baseline/080033ae56e3c793ba3a998276cac5daeb969d50/20260715T011904Z;artifacts/qa/interactions/080033ae56e3c793ba3a998276cac5daeb969d50/20260715T012351Z;artifacts/qa/backend-build/080033ae56e3c793ba3a998276cac5daeb969d50/20260715T011720Z,080033ae56e3c793ba3a998276cac5daeb969d50,2026-07-15T01:43:23Z,Inventory current فایل‌های tracked/untracked و چهار شکاف High reproducibility را ثبت کرد؛ sliceهای Browser و interaction پاس‌اند ولی حفظ همه قابلیت‌ها در تمام Route/Stateها هنوز اثبات نشده است
PC-003,محصول,P0,هیچ CTA یا کنترل مرده وجود نداشته باشد,Crawl همه کنترل‌ها؛ صفر Handler خالی، Placeholder دائمی یا Fake success,Static scan + E2E,IN_PROGRESS,BASELINED,PARTIAL,QA Baseline Lead + Architect,PC-001;PC-007;PC-159;PC-160,§1.2; §6.1–6.2; §8.2; §34/F0,I0-INVENTORY,critical,QA-INV-003;QA-PANEL-001;QA-JS-003;QA-INT-002;QA-REF-UI-001,artifacts/qa/frontend-inventory/080033ae56e3c793ba3a998276cac5daeb969d50/20260715T012524Z;artifacts/qa/panel-navigation/080033ae56e3c793ba3a998276cac5daeb969d50/20260715T010846Z;artifacts/qa/javascript/080033ae56e3c793ba3a998276cac5daeb969d50/20260715T013052Z;artifacts/qa/interactions/080033ae56e3c793ba3a998276cac5daeb969d50/20260715T012351Z;artifacts/qa/referral-compliance/080033ae56e3c793ba3a998276cac5daeb969d50/20260715T012118Z,080033ae56e3c793ba3a998276cac5daeb969d50,2026-07-15T01:43:23Z,Static inventory current unmatched navigation و resolution issue صفر دارد و Panel disabled commands و Watchlist و Referral controls در scope آزموده‌شده پاس‌اند؛ Crawl همه کنترل‌ها و fake-success audit کامل باز است
PC-004,محصول,P0,تعریف ۱۰۰٪ بر اساس Gateها اعمال شود,COMPLETE فقط پس از همه معیارهای توقف و سه Clean run ثبت شود,Execution state + CI artifacts,NOT_STARTED,BASELINING,NOT_ASSESSED,Release Manager,G8;PC-156;all P0/P1 VERIFIED,§2.2; §37; §38,I8-CLOSE,critical-final,,,,,
PC-005,محصول,P0,Routeهای قدیمی سازگار بمانند,هر Route تغییرکرده Redirect یا Compatibility test داشته باشد,Route contract test,IN_PROGRESS,BASELINED,PARTIAL,QA Baseline Lead + Architect,PC-001;PC-007;PC-159;PC-160,§1.2; §6.1–6.2; §8.2; §34/F0,I0-INVENTORY,critical,QA-PANEL-001;QA-BE-003,artifacts/qa/panel-navigation/080033ae56e3c793ba3a998276cac5daeb969d50/20260715T010846Z;artifacts/qa/backend-build/080033ae56e3c793ba3a998276cac5daeb969d50/20260715T011720Z,080033ae56e3c793ba3a998276cac5daeb969d50,2026-07-15T01:43:23Z,Aliasهای Panel برابر /signals→/ai-signals و /visitors→/analytics و contract فعلی Backend پاس‌اند؛ registry جدید untracked و compatibility همه Routeهای قدیمی هنوز باز است
PC-006,محصول,P1,Featureها به صورت افزایشی منتشر شوند,قابلیت‌های پرریسک Feature Flag، Canary و Rollback داشته باشند,Flag registry + release report,NOT_STARTED,BASELINING,NOT_ASSESSED,Release/SRE Lead,G0;PC-158;PC-160,§6.2; §33.3; §34/F1,I1,critical-enabler,,,,,
PC-007,محصول,P1,محدوده P0/P1/P2 شفاف باشد,هر Requirement Owner، وضعیت و Evidence داشته باشد,Matrix audit,IN_PROGRESS,BASELINED,PARTIAL,Delivery/Traceability Lead,internal governance chain,§1; §2.2; §35.3; §40,I0-GOV,critical,QA-INV-003;TRACE-001,docs/03_REQUIREMENTS_MATRIX.csv;docs/REQUIREMENTS_STATUS.csv;docs/qa/EVIDENCE_INDEX.md;artifacts/qa/frontend-inventory/080033ae56e3c793ba3a998276cac5daeb969d50/20260715T012524Z,080033ae56e3c793ba3a998276cac5daeb969d50,2026-07-15T01:43:23Z,هر ۱۶۲ الزام Owner role و status دارد و evidence index current شده است؛ approval مالک و Evidence کامل همه الزام‌ها هنوز باز است
PC-008,محصول,P1,هیچ متن خارج از هویت محصول نمایش داده نشود,Scan متن‌های عمومی فقط واژگان برند و محصول را بیابد,Content scan,NOT_STARTED,BASELINING,NOT_ASSESSED,Content/Localization Lead,PC-001;PC-009–011,§1.2; §9; §38.1,I1,P1-branch,,,,,
PC-009,زبان و RTL,P0,ریشه رابط فارسی و RTL باشد,lang=fa و dir=rtl در همه Routeهای عمومی,DOM assertion,IN_PROGRESS,BASELINED,PARTIAL,Localization/Frontend Lead,G0;Design System foundation,§9.1–9.4,I1,P0/P1,QA-BRW-003;QA-A11Y-005,docs/qa/ACCESSIBILITY_REPORT.md;artifacts/qa/baseline/080033ae56e3c793ba3a998276cac5daeb969d50/20260715T011904Z;artifacts/qa/a11y-matrix/080033ae56e3c793ba3a998276cac5daeb969d50/20260715T011941Z,080033ae56e3c793ba3a998276cac5daeb969d50,2026-07-15T01:43:23Z,fa/rtl روی root current و پنج state موبایل پاس شد؛ همه Routeهای عمومی پوشش ندارند
PC-010,زبان و RTL,P0,تمام رشته‌ها از i18n بیایند,صفر متن Hard-coded عمومی در Componentها,i18n static scan,NOT_STARTED,BASELINING,NOT_ASSESSED,Localization/Frontend Lead,G0;Design System foundation,§9.1–9.4,I1,P0/P1,,,,,
PC-011,زبان و RTL,P0,انگلیسی خارج Whitelist صفر باشد,Scanner در DOM و Bundle هیچ رشته غیرمجاز نیابد,Language gate,NOT_STARTED,BASELINING,NOT_ASSESSED,Localization/Frontend Lead,G0;Design System foundation,§9.1–9.4,I1,P0/P1,,,,,
PC-012,زبان و RTL,P0,توکن‌های LTR ایزوله شوند,Symbol، قیمت، Formula و Code در Span جهت‌دار درست نمایش یابند,Visual + DOM test,NOT_STARTED,BASELINING,NOT_ASSESSED,Localization/Frontend Lead,G0;Design System foundation,§9.1–9.4,I1,P0/P1,,,,,
PC-013,زبان و RTL,P0,تقویم جلالی و میلادی پشتیبانی شود,تبدیل بدون تغییر Timestamp و آزمون مرزی سال/ماه/DST,Unit + E2E,NOT_STARTED,BASELINING,NOT_ASSESSED,Date/Time Platform Lead,PC-009–010;PC-051;PC-056,§3.2; §9.1; §23.1,I1→I2,P0,,,,,
PC-014,زبان و RTL,P0,اعداد فارسی/لاتین قابل انتخاب باشند,تنظیم کاربر در همه نمایش‌ها جز کد/نماد اعمال و ذخیره شود,E2E + snapshot,NOT_STARTED,BASELINING,NOT_ASSESSED,Localization/Frontend Lead,G0;Design System foundation,§9.1–9.4,I1,P0/P1,,,,,
PC-015,زبان و RTL,P1,جست‌وجو Normalize فارسی داشته باشد,ی/ک عربی، نیم‌فاصله و Transliteration نتایج درست بدهند,Search golden suite,NOT_STARTED,BASELINING,NOT_ASSESSED,Localization/Frontend Lead,G0;Design System foundation,§9.1–9.4,I1,P0/P1,,,,,
PC-016,زبان و RTL,P1,واژه‌نامه فنی ثابت باشد,اصطلاح‌های مصوب در UI و راهنما یکسان باشند,Content lint,NOT_STARTED,BASELINING,NOT_ASSESSED,Localization/Frontend Lead,G0;Design System foundation,§9.1–9.4,I1,P0/P1,,,,,
PC-017,زبان و RTL,P1,پیام خطا راه‌حل‌محور باشد,هر خطای P0 شامل علت قابل‌فهم و اقدام بعدی باشد,UX review + E2E,NOT_STARTED,BASELINING,NOT_ASSESSED,Localization/Frontend Lead,G0;Design System foundation,§9.1–9.4,I1,P0/P1,,,,,
PC-018,زبان و RTL,P1,Typography فارسی بدون clipping باشد,تمام Viewportها و Zoom 200% بدون بریدگی و overlap,Visual matrix,NOT_STARTED,BASELINING,NOT_ASSESSED,Design System Lead,PC-019;PC-020;PC-027;PC-153,§9; §10; §29,I1,P1,,,,,
PC-019,Design System,P0,Tokenهای رنگ، فاصله، تایپوگرافی و لایه واحد باشند,صفر مقدار پراکنده خارج Allowlist در Production CSS,Token lint,NOT_STARTED,BASELINING,NOT_ASSESSED,Design System Lead,G0;PC-153,§10.1–10.5,I1,P0/P1,,,,,
PC-020,Design System,P0,Theme تیره و روشن کامل باشند,تمام Componentها و چارت در دو Theme بدون Contrast defect,Visual + a11y,NOT_STARTED,BASELINING,NOT_ASSESSED,Design System Lead,G0;PC-153,§10.1–10.5,I1,P0/P1,,,,,
PC-021,Design System,P1,Theme کنتراست بالا موجود باشد,مسیرهای P0 در High-contrast خوانا و قابل استفاده باشند,Manual a11y,NOT_STARTED,BASELINING,NOT_ASSESSED,Accessibility Lead,PC-019;PC-022;PC-146,§10; §29.1,I1,P0/P1,,,,,
PC-022,Design System,P0,Componentهای پایه همه Stateها را داشته باشند,default/hover/focus/active/disabled/loading/error پوشش داده شود,Story/Component tests,NOT_STARTED,BASELINING,NOT_ASSESSED,Design System Lead,G0;PC-153,§10.1–10.5,I1,P0/P1,,,,,
PC-023,Design System,P0,Icon set مستقل و منسجم باشد,Grid، Stroke، نام معنایی و Accessible name برای همه آیکون‌ها,Icon audit + snapshots,NOT_STARTED,BASELINING,NOT_ASSESSED,Design System Lead,G0;PC-153,§10.1–10.5,I1,P0/P1,,,,,
PC-024,Design System,P0,Asset شخص ثالث از منبع غیرمجاز وارد نشود,Asset registry برای همه لوگوها/فونت‌ها منبع و مجوز ثبت کند,Asset/license audit,NOT_STARTED,BASELINING,NOT_ASSESSED,Security/License Owner,GOV;INVENTORY,§1.2; §10.4; §32.4,I0-INVENTORY,critical,,,,,
PC-025,Design System,P0,Touch target حداقل ۴۴ پیکسل باشد,تمام کنترل‌های لمسی P0 حداقل Hit area را پاس کنند,Automated layout test,NOT_STARTED,BASELINING,NOT_ASSESSED,Accessibility Lead,PC-019;PC-022;PC-146,§10; §29.1,I1,P0/P1,,,,,
PC-026,Design System,P1,Component catalog مستند باشد,هر Component API، State، نمونه RTL و دسترس‌پذیری داشته باشد,Catalog review,NOT_STARTED,BASELINING,NOT_ASSESSED,Design System Lead,G0;PC-153,§10.1–10.5,I1,P0/P1,,,,,
PC-027,Design System,P1,Responsive behavior تعریف‌شده باشد,هیچ breakpoint تصادفی؛ رفتار در Viewport matrix تأیید شود,Visual matrix,NOT_STARTED,BASELINING,NOT_ASSESSED,Design System Lead,G0;PC-153,§10.1–10.5,I1,P0/P1,,,,,
PC-028,حرکت و تعامل,P0,بازخورد ورودی سریع باشد,Pointer/keyboard action در کمتر از ۱۰۰ms بازخورد بصری دهد,Performance trace,NOT_STARTED,BASELINING,NOT_ASSESSED,Frontend Performance Lead,PC-022;PC-138;PC-139,§11.1; §28,I1,P0,,,,,
PC-029,حرکت و تعامل,P0,Gestureهای چارت کامل باشند,Pan، Zoom، Pinch، long-press و scale drag طبق spec کار کنند,E2E gesture tests,NOT_STARTED,BASELINING,NOT_ASSESSED,Chart Interaction Lead,PC-022;PC-035;PC-039–040;PC-044;PC-047;DATA-CORE,§11.2; §12,I2,P0,,,,,
PC-030,حرکت و تعامل,P0,Undo/Redo پایدار باشد,حداقل ۵۰ Command متوالی بدون corruption قابل بازگشت/اعاده باشد,Property + E2E,NOT_STARTED,BASELINING,NOT_ASSESSED,Chart Interaction Lead,PC-022;PC-035;PC-039–040;PC-044;PC-047;DATA-CORE,§11.2; §12,I2,P0,,,,,
PC-031,حرکت و تعامل,P0,Keyboard shortcuts کامل باشند,تمام عملیات P0 مسیر Keyboard و Help قابل‌مشاهده داشته باشند,Keyboard matrix,NOT_STARTED,BASELINING,NOT_ASSESSED,Accessibility/Frontend Lead,PC-022;PC-147,§11; §29.1,I1,P0,,,,,
PC-032,حرکت و تعامل,P1,Motion tokenها رعایت شوند,مدت و easing خارج Token صفر باشد,Motion lint + trace,IN_PROGRESS,BASELINED,PARTIAL,Motion Lead,PC-019;PC-022;PC-153;PC-155,§11.1–11.3; §31,I1,P1,MOT-007,docs/qa/MOTION_MATRIX.md;artifacts/qa/playwright,a41fb88,2026-07-16T12:30:00Z,"Onboarding dialog روی live image با 240ms و focus/inert/restore پاس شد؛ سایر Dialog/Sheetها و lint سراسری tokenها باز است"
PC-033,حرکت و تعامل,P1,Reduced motion پشتیبانی شود,انیمیشن غیرضروری حذف و کارکرد حفظ شود,E2E reduced-motion,IN_PROGRESS,BASELINED,PARTIAL,Motion Lead,PC-019;PC-022;PC-153;PC-155,§11.1–11.3; §31,I1,P1,MOT-008,docs/qa/MOTION_MATRIX.md;artifacts/qa/playwright,a41fb88,2026-07-16T12:30:00Z,"desktop/mobile ثابت کرد duration حداکثر 0.01ms و iteration حداکثر 1 و scroll=auto است؛ همه gestureها هنوز پوشش ندارند"
PC-034,حرکت و تعامل,P1,Motion regression ثبت شود,مسیرهای حیاتی Frame/Event trace و threshold داشته باشند,Motion artifacts,NOT_STARTED,BASELINING,NOT_ASSESSED,Motion Lead,PC-019;PC-022;PC-153;PC-155,§11.1–11.3; §31,I1,P1,,,,,
PC-035,موتور چارت,P0,چارت شمعی دقیق باشد,OHLC، wick، body، precision و session با Fixture مرجع منطبق باشد,Golden render + unit,NOT_STARTED,BASELINING,NOT_ASSESSED,Chart Engine Lead,PC-019–020;PC-022;PC-049–056,§12.2–12.3,I2-CHART,critical,,,,,
PC-036,موتور چارت,P0,انواع P0 چارت کامل باشند,۱۲ نوع P0 در data/state/view matrix پاس شوند,E2E + visual,NOT_STARTED,BASELINING,NOT_ASSESSED,Chart Engine Lead,Chart core;PC-153–155,§5.1; §12.2; §31.6,I2-CHART,critical-P0,,,,,
PC-037,موتور چارت,P1,انواع P1 غیرزمانی دقیق باشند,Renko/Kagi/P&F/Line Break/Range قرارداد و عدم look-ahead داشته باشند,Golden vectors,NOT_STARTED,BASELINING,NOT_ASSESSED,Chart/Quant Lead,Chart core;DATA-CORE;PC-141,§12.2; §28.2,I2.5,P1-branch,,,,,
PC-038,موتور چارت,P1,Profile و Footprint پشتیبانی شود,محاسبات حجم و aggregation با Dataset مرجع پاس شوند,Unit + visual,NOT_STARTED,BASELINING,NOT_ASSESSED,Chart/Quant Lead,Chart core;DATA-CORE;PC-141,§12.2; §28.2,I2.5,P1-branch,,,,,
PC-039,موتور چارت,P0,Scaleهای Linear/Log/Percent/Indexed کار کنند,تبدیل و inverse mapping در دامنه‌ها و extreme values دقیق باشد,Property tests,NOT_STARTED,BASELINING,NOT_ASSESSED,Chart Engine Lead,PC-019–020;PC-022;PC-049–056,§12.2–12.3,I2-CHART,critical,,,,,
PC-040,موتور چارت,P0,Pan/Zoom Anchor پایدار باشد,نقطه زیر Pointer پس از Zoom در tolerance تعریف‌شده بماند,Interaction test,NOT_STARTED,BASELINING,NOT_ASSESSED,Chart Engine Lead,PC-019–020;PC-022;PC-049–056,§12.2–12.3,I2-CHART,critical,,,,,
PC-041,موتور چارت,P0,Multi-pane و resize کامل باشد,Paneها اضافه/حذف/resize/save/restore بدون drift,E2E + serialization,NOT_STARTED,BASELINING,NOT_ASSESSED,Chart/Workspace Lead,Chart core;PC-044,§12.4,I2,critical-P0,,,,,
PC-042,موتور چارت,P1,Multi-chart تا ۱۶ پنل کار کند,Layoutهای تعریف‌شده، sync انتخابی و محدودیت منابع پاس شوند,E2E + performance,NOT_STARTED,BASELINING,NOT_ASSESSED,Chart/Workspace Lead,PC-041;PC-141;entitlement model,§12.4; §25.3,I3,P1,,,,,
PC-043,موتور چارت,P0,Crosshair داده درست نشان دهد,زمان، OHLCV و مقادیر indicator برای Bar منتخب دقیق باشد,Unit + E2E,NOT_STARTED,BASELINING,NOT_ASSESSED,Chart Engine Lead,PC-019–020;PC-022;PC-049–056,§12.2–12.3,I2-CHART,critical,,,,,
PC-044,موتور چارت,P0,Serialization نسخه‌دار باشد,Layout قدیمی migrate و round-trip بدون از دست رفتن State,Migration fixtures,NOT_STARTED,BASELINING,NOT_ASSESSED,State/Schema Architect,G0;versioned state contract;PC-158 baseline,§6.2; §12.1; §18.1,I2,critical,,,,,
PC-045,موتور چارت,P0,Export تصویر امن و دقیق باشد,PNG/WebP در Scaleهای هدف بدون PII و clipping,Export tests,NOT_STARTED,BASELINING,NOT_ASSESSED,Chart Engine Lead,Chart renderer;PC-020;PC-116;PC-153,§12.6; §27.5,I2,P0,,,,,
PC-046,موتور چارت,P1,Accessibility overlay چارت موجود باشد,OHLCV و عملیات اصلی از Keyboard/Screen reader قابل دسترس,Manual + automated a11y,NOT_STARTED,BASELINING,NOT_ASSESSED,Accessibility + Chart Lead,Chart core;PC-146–147;PC-152,§29.2,I2.5,P1,,,,,
PC-047,موتور چارت,P1,Object selection قابل پیش‌بینی باشد,Hit testing در Zoom/DPRهای مختلف مطابق tolerance,Geometry tests,NOT_STARTED,BASELINING,NOT_ASSESSED,Chart Engine Lead,PC-019–020;PC-022;PC-049–056,§12.2–12.3,I2-CHART,critical,,,,,
PC-048,موتور چارت,P1,LOD و downsampling کیفیت را حفظ کند,داده بزرگ روان و extremeها حفظ شوند,Benchmark + visual,NOT_STARTED,BASELINED,PARTIAL,Chart/Quant Lead,Chart core;DATA-CORE;PC-141,§12.2; §28.2,I2.5,P1-branch,QA-JS-001,artifacts/qa/javascript/080033ae56e3c793ba3a998276cac5daeb969d50/20260714T233200Z,080033ae56e3c793ba3a998276cac5daeb969d50,2026-07-14T23:35:00Z,Resample/chart-builder assertions پاس؛ benchmark داده بزرگ و Visual LOD مانده است
PC-049,داده بازار,P0,Provider interface مستقل باشد,هیچ UI Component مستقیماً Schema Provider را مصرف نکند,Architecture test,NOT_STARTED,BASELINING,NOT_ASSESSED,Data Platform Architect,G0;security/API contracts,§13.1–13.2; §26,I2-DATA,critical,,,,,
PC-050,داده بازار,P0,Symbol master نسخه‌دار باشد,Instrument metadata کامل و تغییرات قابل مهاجرت باشد,Schema + contract,NOT_STARTED,BASELINING,NOT_ASSESSED,Data Platform Architect,G0;security/API contracts,§13.1–13.2; §26,I2-DATA,critical,,,,,
PC-051,داده بازار,P0,OHLCV normalized و deterministic باشد,UTC، ترتیب، duplicate، gap و correction طبق قرارداد,Property/contract tests,NOT_STARTED,BASELINED,PARTIAL,Market Data Lead,PC-049;PC-050,§13.3; §13.6,I2-DATA,critical,QA-JS-001,artifacts/qa/javascript/080033ae56e3c793ba3a998276cac5daeb969d50/20260714T233200Z,080033ae56e3c793ba3a998276cac5daeb969d50,2026-07-14T23:35:00Z,Resample الزامات OHLCV و هم‌ترازی محدود را پاس کرد؛ duplicate/gap/correction کامل مانده است
PC-052,داده بازار,P0,WebSocket reconnect امن باشد,Heartbeat، backoff، resume/reconcile و dedupe پاس شود,Fault-injection test,NOT_STARTED,BASELINING,NOT_ASSESSED,Streaming Lead,PC-049;PC-051;observability foundation,§13.4; §30.1,I2-DATA,critical,,,,,
PC-053,داده بازار,P0,وضعیت freshness در UI دیده شود,live/delayed/reconnecting/offline درست و بدون Quote کهنه پنهان,E2E states,NOT_STARTED,BASELINING,NOT_ASSESSED,Streaming Lead,PC-049;PC-051;observability foundation,§13.4; §30.1,I2-DATA,critical,,,,,
PC-054,داده بازار,P0,Cache entitlement را رعایت کند,داده خارج مجوز cache یا export نشود,Security/contract tests,NOT_STARTED,BASELINING,NOT_ASSESSED,Data/Security Lead,PC-049–052;PC-131,§13.5; §27.1,I2-DATA,P0/P1,,,,,
PC-055,داده بازار,P1,Cache چندلایه و سالم باشد,Checksum، TTL، LRU و recovery در corruption پاس شود,Integration tests,NOT_STARTED,BASELINING,NOT_ASSESSED,Data/Security Lead,PC-049–052;PC-131,§13.5; §27.1,I2-DATA,P0/P1,,,,,
PC-056,داده بازار,P0,Timezone/Session/DST صحیح باشد,مرز Session و DST روی Datasetهای مرجع بدون جابه‌جایی,Golden suite,NOT_STARTED,BASELINING,NOT_ASSESSED,Market Data Lead,PC-049;PC-050,§13.3; §13.6,I2-DATA,critical,,,,,
PC-057,داده بازار,P1,Data quality dashboard موجود باشد,latency/gap/duplicate/correction/provider health قابل مشاهده,Dashboard evidence,NOT_STARTED,BASELINING,NOT_ASSESSED,Data Quality Lead,PC-049–056;PC-134;telemetry,§13.6; §30.1,I2.5,P1,,,,,
PC-058,داده بازار,P1,Lineage هر Bar ثبت شود,Provider، sequence و quality flag قابل ردیابی باشد,Trace audit,NOT_STARTED,BASELINING,NOT_ASSESSED,Data Quality Lead,PC-049–056;PC-134;telemetry,§13.6; §30.1,I2.5,P1,,,,,
PC-059,ابزار ترسیم,P0,خانواده ابزارهای اولویت‌دار کامل باشند,Trend/Fib/Geometry/Annotation P0 با create/edit/delete/save پاس شوند,E2E + visual,NOT_STARTED,BASELINING,NOT_ASSESSED,Drawing Engine Lead,Chart core;PC-030;PC-044,§12.5; §16.1–16.3,I3,critical-P0,,,,,
PC-060,ابزار ترسیم,P1,مجموعه کامل بیش از ۱۱۰ ابزار برنامه‌ریزی/پیاده شود,هر ابزار Requirement و test vectors مستقل داشته باشد,Matrix + coverage,NOT_STARTED,BASELINING,NOT_ASSESSED,Drawing Product Lead,PC-059;PC-061–062;PC-064–065;catalog approved,§5.1; §16.1,I3+,P1,,,,,
PC-061,ابزار ترسیم,P0,Snap و Magnet درست باشد,OHLC/indicator snap در tolerance و toggleها کار کنند,Geometry tests,NOT_STARTED,BASELINING,NOT_ASSESSED,Drawing Engine Lead,Chart core;PC-030;PC-044,§12.5; §16.1–16.3,I3,critical-P0,,,,,
PC-062,ابزار ترسیم,P0,Lock/Hide/Group/Order کار کند,State از Canvas و Object Tree دوطرفه و persist شود,E2E,NOT_STARTED,BASELINING,NOT_ASSESSED,Drawing Engine Lead,Chart core;PC-030;PC-044,§12.5; §16.1–16.3,I3,critical-P0,,,,,
PC-063,ابزار ترسیم,P0,Drawing alert قابل ساخت باشد,عبور/ورود/خروج با Clock سروری و dedupe درست,Integration tests,NOT_STARTED,BASELINING,NOT_ASSESSED,Drawing/Alert Lead,PC-059;PC-061–062;PC-081–082,§16.2; §19,I4,P0,,,,,
PC-064,ابزار ترسیم,P1,Style template و visibility interval باشد,Template round-trip و نمایش بر تایم‌فریم طبق rule,E2E + serialization,NOT_STARTED,BASELINING,NOT_ASSESSED,Drawing Engine Lead,PC-044;PC-059;PC-061–062,§16.2–16.3,I3,P1,,,,,
PC-065,ابزار ترسیم,P1,Anchor drift صفر عملی باشد,پس از Save/Load/Zoom جابه‌جایی کمتر از tolerance,Geometry golden,NOT_STARTED,BASELINING,NOT_ASSESSED,Drawing Engine Lead,PC-044;PC-059;PC-061–062,§16.2–16.3,I3,P1,,,,,
PC-066,اندیکاتورها,P0,کتابخانه P0 کامل باشد,تمام اندیکاتورهای فهرست‌شده با input/style/alert ارائه شوند,Catalog + tests,NOT_STARTED,BASELINING,NOT_ASSESSED,Quant/Indicator Lead,DATA-CORE;Chart core;catalog approved,§17.1–17.4,I3,critical-P0,,,,,
PC-067,اندیکاتورها,P0,محاسبات Golden داشته باشند,هر اندیکاتور روی داده مرجع و edge cases پاس شود,Golden vectors,NOT_STARTED,BASELINED,PARTIAL,Quant/Indicator Lead,DATA-CORE;Chart core;catalog approved,§17.1–17.4,I3,critical-P0,QA-JS-001,artifacts/qa/javascript/080033ae56e3c793ba3a998276cac5daeb969d50/20260714T233200Z,080033ae56e3c793ba3a998276cac5daeb969d50,2026-07-14T23:35:00Z,Indicator/technical-rating/volume-profile vectors موجود پاس؛ کاتالوگ کامل و برابری سه Bundle با Source مانده است
PC-068,اندیکاتورها,P0,عدم Look-ahead تضمین شود,Historical result با اضافه‌شدن داده آینده تغییر غیرمجاز نکند,Property tests,NOT_STARTED,BASELINING,NOT_ASSESSED,Quant/Indicator Lead,DATA-CORE;Chart core;catalog approved,§17.1–17.4,I3,critical-P0,,,,,
PC-069,اندیکاتورها,P0,Streaming correction درست باشد,Bar جاری/اصلاح‌شده خروجی قابل بازتولید دهد,Stream tests,NOT_STARTED,BASELINING,NOT_ASSESSED,Quant/Indicator Lead,DATA-CORE;Chart core;catalog approved,§17.1–17.4,I3,critical-P0,,,,,
PC-070,اندیکاتورها,P1,Multi-timeframe semantics روشن باشد,Merge/gap/lookahead rule مستند و تست‌شده,Contract tests,NOT_STARTED,BASELINED,PARTIAL,Quant/Indicator Lead,PC-066–071;PC-143,§17.2–17.4; §28.2,I3,P1,QA-JS-001,artifacts/qa/javascript/080033ae56e3c793ba3a998276cac5daeb969d50/20260714T233200Z,080033ae56e3c793ba3a998276cac5daeb969d50,2026-07-14T23:35:00Z,Resample محدود H2/M30/W1 پاس؛ merge/gap/lookahead contract کامل مانده است
PC-071,اندیکاتورها,P0,Indicator manager فارسی کامل باشد,Search/category/favorite/recent/settings/remove/move کار کند,E2E + visual,NOT_STARTED,BASELINING,NOT_ASSESSED,Quant/Indicator Lead,DATA-CORE;Chart core;catalog approved,§17.1–17.4,I3,critical-P0,,,,,
PC-072,اندیکاتورها,P1,Template و Instance ID پایدار باشد,چند Instance و Save/Load بدون collision,Serialization tests,NOT_STARTED,BASELINING,NOT_ASSESSED,Quant/Indicator Lead,PC-066–071;PC-143,§17.2–17.4; §28.2,I3,P1,,,,,
PC-073,اندیکاتورها,P1,هشدار Performance Script داده شود,کار سنگین شناسایی و بدون Freeze توضیح داده شود,Benchmark + UX test,NOT_STARTED,BASELINING,NOT_ASSESSED,Quant/Indicator Lead,PC-066–071;PC-143,§17.2–17.4; §28.2,I3,P1,,,,,
PC-074,Workspace,P0,Auto-save قابل اعتماد باشد,debounce، status، retry و conflict بدون از دست‌رفتن داده,Integration/E2E,NOT_STARTED,BASELINING,NOT_ASSESSED,Workspace Lead,PC-044;DATA-CORE;Drawing core;Indicator core;PC-158 baseline,§6.2; §18.1–18.3,I3,critical-P0,,,,,
PC-075,Workspace,P0,Layoutهای قدیمی migrate شوند,Fixture همه نسخه‌های شناخته‌شده restore شود,Migration suite,NOT_STARTED,BASELINING,NOT_ASSESSED,Workspace Lead,PC-044;DATA-CORE;Drawing core;Indicator core;PC-158 baseline,§6.2; §18.1–18.3,I3,critical-P0,,,,,
PC-076,Workspace,P1,Version history و restore باشد,نسخه‌ها قابل مشاهده و بازیابی بدون overwrite ناخواسته,E2E,NOT_STARTED,BASELINING,NOT_ASSESSED,Workspace/Backend Lead,PC-074–075;PC-129;PC-131;resilience policy,§18.1; §28.3,I3,P1,,,,,
PC-077,Workspace,P0,Watchlist چندگانه کامل باشد,create/rename/reorder/import/export/columns/filter پاس شود,E2E,IN_PROGRESS,BASELINING,PARTIAL,Workspace Lead,PC-044;DATA-CORE;Drawing core;Indicator core;PC-158 baseline,§6.2; §18.1–18.3,I3,critical-P0,QA-INT-001,qa/tests/watchlist-interactions.spec.mjs;artifacts/qa/interactions/080033ae56e3c793ba3a998276cac5daeb969d50/20260714T232021Z,080033ae56e3c793ba3a998276cac5daeb969d50,2026-07-14T23:22:00Z,list/table selection/flag/remove پاس؛ create/rename/reorder/import/export/columns/filter کامل هنوز مانده است
PC-078,Workspace,P0,Watchlist stream virtualized باشد,۱۰هزار ردیف بدون jank و با quotes درست,Performance + E2E,NOT_STARTED,BASELINING,NOT_ASSESSED,Workspace Lead,PC-044;DATA-CORE;Drawing core;Indicator core;PC-158 baseline,§6.2; §18.1–18.3,I3,critical-P0,,,,,
PC-079,Workspace,P0,Object Tree دوطرفه باشد,Selection/visibility/lock/order/group با Canvas sync,E2E,NOT_STARTED,BASELINING,NOT_ASSESSED,Workspace Lead,PC-044;DATA-CORE;Drawing core;Indicator core;PC-158 baseline,§6.2; §18.1–18.3,I3,critical-P0,,,,,
PC-080,Workspace,P1,Offline queue و conflict حل شود,تغییرات آفلاین پس از اتصال با policy روشن merge شوند,Fault test,NOT_STARTED,BASELINING,NOT_ASSESSED,Workspace/Backend Lead,PC-074–075;PC-129;PC-131;resilience policy,§18.1; §28.3,I3,P1,,,,,
PC-081,هشدار,P0,هشدار قیمت سروری باشد,پس از بستن مرورگر Trigger و Delivery log ایجاد شود,Integration/E2E,NOT_STARTED,BASELINING,NOT_ASSESSED,Alert Backend Lead,PC-051–053;PC-129;PC-131;PC-134,§19.1–19.3,I4,critical-P0,,,,,
PC-082,هشدار,P0,هشدار اندیکاتور و Drawing باشد,conditionها با Bar clock و dedupe درست عمل کنند,Golden + integration,NOT_STARTED,BASELINING,NOT_ASSESSED,Alert/Quant Lead,PC-081;PC-059;PC-061–062;PC-066–069,§19.1–19.2,I4,critical-P0,,,,,
PC-083,هشدار,P1,هشدار چندشرطی باشد,AND/OR و grouping UI/runtime مطابق AST,Unit + E2E,NOT_STARTED,BASELINING,NOT_ASSESSED,Alert/Security Lead,PC-081–082;PC-086;PC-136,§19; §27.3,I4,P1,,,,,
PC-084,هشدار,P1,Webhook امن باشد,HMAC، replay protection، retry، SSRF control پاس شود,Security tests,NOT_STARTED,BASELINING,NOT_ASSESSED,Alert/Security Lead,PC-081–082;PC-086;PC-136,§19; §27.3,I4,P1,,,,,
PC-085,هشدار,P0,مدیریت Pause/Resume/Clone/Expiry باشد,تمام lifecycleها و permissionها کار کنند,E2E,NOT_STARTED,BASELINING,NOT_ASSESSED,Alert Backend Lead,PC-051–053;PC-129;PC-131;PC-134,§19.1–19.3,I4,critical-P0,,,,,
PC-086,هشدار,P0,Delivery دقیق و قابل ممیزی باشد,هر تلاش status، timestamp، channel و علت خطا داشته باشد,Audit report,NOT_STARTED,BASELINING,NOT_ASSESSED,Alert Backend Lead,PC-051–053;PC-129;PC-131;PC-134,§19.1–19.3,I4,critical-P0,,,,,
PC-087,Replay و Backtest,P1,Replay Clock مجازی داشته باشد,هیچ مسیر Replay به Date.now وابسته نباشد,Static + deterministic tests,NOT_STARTED,BASELINING,NOT_ASSESSED,Replay Lead,DATA-CORE;PC-066–070;PC-074–075,§20.1,I4,P1,,,,,
PC-088,Replay و Backtest,P1,Replay step/speed/pause/reset کامل باشد,همه کنترل‌ها و state persistence پاس شوند,E2E,NOT_STARTED,BASELINING,NOT_ASSESSED,Replay Lead,DATA-CORE;PC-066–070;PC-074–075,§20.1,I4,P1,,,,,
PC-089,Replay و Backtest,P1,Replay آینده را افشا نکند,Network/UI/indicator فقط داده تا Clock مجازی ببیند,Security/property test,NOT_STARTED,BASELINING,NOT_ASSESSED,Replay Lead,DATA-CORE;PC-066–070;PC-074–075,§20.1,I4,P1,,,,,
PC-090,Replay و Backtest,P1,Backtest deterministic باشد,همان hash تنظیمات سه اجرای برابر بدهد,Golden run,NOT_STARTED,BASELINING,NOT_ASSESSED,Backtest/Quant Lead,PC-087–089;Indicator core;deterministic data,§20.2,I4,P1,,,,,
PC-091,Replay و Backtest,P1,Commission/slippage/margin اعمال شود,Trade list و summary با سناریوی دستی منطبق,Unit + report test,NOT_STARTED,BASELINING,NOT_ASSESSED,Backtest/Quant Lead,PC-087–089;Indicator core;deterministic data,§20.2,I4,P1,,,,,
PC-092,Replay و Backtest,P1,گزارش کامل Strategy باشد,equity/drawdown/trades/metrics/export ارائه شود,Visual + data test,NOT_STARTED,BASELINING,NOT_ASSESSED,Backtest/Quant Lead,PC-087–089;Indicator core;deterministic data,§20.2,I4,P1,,,,,
PC-093,Replay و Backtest,P1,Paper Trading واضح و ایمن باشد,برچسب آزمایشی، order lifecycle، reset و audit کامل,E2E,NOT_STARTED,BASELINING,NOT_ASSESSED,Paper Trading Lead,PC-051–053;PC-129;PC-131;PC-134;idempotency,§20.3; §27.1,I4,P1,,,,,
PC-094,Replay و Backtest,P1,Double-submit سفارش غیرممکن باشد,Idempotency و disabled state در latency/timeout پاس شود,Fault test,NOT_STARTED,BASELINING,NOT_ASSESSED,Paper Trading Lead,PC-051–053;PC-129;PC-131;PC-134;idempotency,§20.3; §27.1,I4,P1,,,,,
PC-095,NamaScript,P1,Grammar نسخه‌دار باشد,Parser fixture نسخه‌ها و خطاهای پایدار داشته باشد,Parser tests,NOT_STARTED,BASELINING,NOT_ASSESSED,Compiler Lead,G0;language ADR,§21.1–21.3,I5,P1,,,,,
PC-096,NamaScript,P1,Type checker کامل باشد,Type errors با code/location/message فارسی دقیق,Golden diagnostics,NOT_STARTED,BASELINING,NOT_ASSESSED,Compiler Lead,G0;language ADR,§21.1–21.3,I5,P1,,,,,
PC-097,NamaScript,P1,Runtime sandbox باشد,بدون network/DOM/file و با CPU/memory/time quota,Security/fuzz tests,NOT_STARTED,BASELINING,NOT_ASSESSED,Runtime Security Lead,PC-095–096;PC-128;PC-131–133,§21.2; §27.2,I5,P1-critical,,,,,
PC-098,NamaScript,P1,Standard library فنی کافی باشد,توابع P1 با test vectors و docs پوشش داده شوند,Coverage + docs,NOT_STARTED,BASELINING,NOT_ASSESSED,Quant/Compiler Lead,PC-095–097;Indicator contracts,§21.2–21.3,I5,P1,,,,,
PC-099,NamaScript,P1,Editor حرفه‌ای باشد,highlight/autocomplete/hover/problems/format/diff کار کند,E2E + visual,NOT_STARTED,BASELINING,NOT_ASSESSED,Editor/Compiler Lead,PC-095–098;PC-103 storage,§21.4–21.5,I5,P1,,,,,
PC-100,NamaScript,P1,Debugger و Profiler باشد,breakpoint/step/watch/trace/perf report قابل استفاده,E2E,NOT_STARTED,BASELINING,NOT_ASSESSED,Editor/Compiler Lead,PC-095–098;PC-103 storage,§21.4–21.5,I5,P1,,,,,
PC-101,NamaScript,P1,Strategy/Alert API باشد,Script بتواند بدون look-ahead شرط و strategy بسازد,Golden suite,NOT_STARTED,BASELINING,NOT_ASSESSED,Strategy Platform Lead,PC-097–098;PC-081–092,§21.2; §20; §19,I5,P1,,,,,
PC-102,NamaScript,P1,انتشار و Versioning امن باشد,private/public/protected/invite و license/attribution ثبت شود,Permission tests,NOT_STARTED,BASELINING,NOT_ASSESSED,Script Marketplace/Security Lead,PC-097;PC-129;PC-131;license policy,§21.6; §27,I5,P1,,,,,
PC-103,NamaScript,P1,Draft بازیابی شود,autosave/crash restore/conflict بدون از دست رفتن کد,E2E fault test,NOT_STARTED,BASELINING,NOT_ASSESSED,Workspace/Editor Lead,PC-074–076;PC-099,§18.1; §21.4,I5,P1,,,,,
PC-104,کشف بازار,P1,Symbol search رتبه‌بندی دقیق داشته باشد,exact/alias/fa/en/transliteration/typo/entitlement پاس شود,Search golden suite,NOT_STARTED,BASELINING,NOT_ASSESSED,Search/Data Lead,PC-015;PC-050,§22.1; §34/F3,I3,P1-enabler,,,,,
PC-105,کشف بازار,P1,Screener فیلتر و Sort کامل داشته باشد,فیلترهای P1، multi-timeframe و saved preset کار کنند,E2E + contract,NOT_STARTED,BASELINING,NOT_ASSESSED,Screener/Data Lead,PC-050–058;PC-104;PC-145,§22.2; §28.3,I6,P1,,,,,
PC-106,کشف بازار,P1,Screener حجم بالا را تحمل کند,Query cancel، pagination و virtualization بدون jank,Load + performance,NOT_STARTED,BASELINING,NOT_ASSESSED,Screener/Data Lead,PC-050–058;PC-104;PC-145,§22.2; §28.3,I6,P1,,,,,
PC-107,کشف بازار,P1,Heatmap تعاملی و Accessible باشد,drill-down/tooltip/filter و table alternative پاس شود,E2E + a11y,NOT_STARTED,BASELINING,NOT_ASSESSED,Visualization/A11y Lead,PC-105–106;PC-146–152,§22.3; §29,I6,P1,,,,,
PC-108,محتوا,P1,Calendar جلالی/Timezone صحیح باشد,رویداد، revision و marker چارت بدون duplicate,Contract + E2E,NOT_STARTED,BASELINING,NOT_ASSESSED,Content/Data Lead,PC-013;PC-056,§23.1,I6,P1,,,,,
PC-109,محتوا,P1,News attribution و مجوز را رعایت کند,Source/time/link موجود و متن کامل غیرمجاز نمایش داده نشود,Content audit,NOT_STARTED,BASELINING,NOT_ASSESSED,Content Security Lead,content adapter;license policy;PC-137,§23.2; §27.4,I6,P1,,,,,
PC-110,محتوا,P1,محتوای خارجی AI را آلوده نکند,Prompt injection از خبر نتواند Tool action اجرا کند,Security eval,NOT_STARTED,BASELINING,NOT_ASSESSED,Content Security Lead,content adapter;license policy;PC-137,§23.2; §27.4,I6,P1,,,,,
PC-111,هوش مصنوعی,P1,دستیار پاسخ فارسی و Context محدود بدهد,پاسخ فقط از Context مجاز و با منبع/عدم قطعیت باشد,Eval suite,NOT_STARTED,BASELINING,NOT_ASSESSED,AI Product/Evaluation Lead,PC-009–017;PC-109–110;PC-137,§24.1; §24.4; §27.4,I6,P1,,,,,
PC-112,هوش مصنوعی,P1,Actionها Preview و Confirm داشته باشند,هیچ تغییر حساس مستقیم اجرا نشود,E2E safety,NOT_STARTED,BASELINING,NOT_ASSESSED,AI Safety Lead,PC-129;PC-131;PC-137;confirmation policy,§24.2; §27.4,I6,P1,,,,,
PC-113,هوش مصنوعی,P1,Draft NamaScript/Alert قابل بررسی باشد,خروجی Validate و تا تأیید کاربر اجرا نشود,Integration eval,NOT_STARTED,BASELINING,NOT_ASSESSED,AI/Developer Tools Lead,PC-081–084;PC-095–103;PC-112,§24.1–24.2,I6,P1,,,,,
PC-114,هوش مصنوعی,P1,فرمان صوتی فارسی باشد,STT/TTS، transcript، confidence و cancel کار کند,Voice eval,NOT_STARTED,BASELINING,NOT_ASSESSED,Voice/Accessibility Lead,PC-111–112;PC-116;consent policy,§24.3; §27.5; §29,I6,P1,,,,,
PC-115,هوش مصنوعی,P1,فرمان حساس تأیید دو مرحله‌ای باشد,اتصال/سفارش/حذف گسترده بدون تأیید ممکن نباشد,Safety E2E,NOT_STARTED,BASELINING,NOT_ASSESSED,AI Safety Lead,PC-129;PC-131;PC-137;confirmation policy,§24.2; §27.4,I6,P1,,,,,
PC-116,هوش مصنوعی,P1,PII و Secret وارد مدل نشود,Redaction و tool allowlist با تست نشت پاس شود,Security eval,NOT_STARTED,BASELINING,NOT_ASSESSED,Privacy/Security Lead,PC-128;PC-131;redaction/retention policy,§27.4–27.5,I6,P1,,,,,
PC-117,هوش مصنوعی,P1,کیفیت با Dataset فارسی سنجیده شود,intent/parameter/safety/hallucination/latency گزارش شود,Eval report,NOT_STARTED,BASELINING,NOT_ASSESSED,AI Product/Evaluation Lead,PC-009–017;PC-109–110;PC-137,§24.1; §24.4; §27.4,I6,P1,,,,,
PC-118,اتصال‌ها,P0,تنها LBank به عنوان صرافی نمایش یابد,Scan UI/Bundle/fixtures نام صرافی دیگری نیابد,Content + code scan,IN_PROGRESS,EVIDENCE_READY,PARTIAL,Integrations Product Lead,G0;i18n/routes;PC-129–131;policy approval,§14.1–14.3; §15.1–15.4,I1.5-REFERRAL,critical-P0,QA-REF-UI-001;QA-INV-003,artifacts/qa/referral-compliance/080033ae56e3c793ba3a998276cac5daeb969d50/20260715T012118Z;artifacts/qa/frontend-inventory/080033ae56e3c793ba3a998276cac5daeb969d50/20260715T012524Z;artifacts/qa/deploy/080033ae56e3c793ba3a998276cac5daeb969d50/20260715T042151Z-referral-only-runtime,080033ae56e3c793ba3a998276cac5daeb969d50,2026-07-15T04:26:37Z,Production User Portal/Main scans and browser gates are now deployed; full ignored/legacy surface audit remains open. Prior evidence retained in this row.
PC-119,اتصال‌ها,P0,لینک LBank دقیق باشد,Redirect داخلی مقصد دقیق و status مناسب داشته باشد,Redirect contract test,IN_PROGRESS,EVIDENCE_READY,PASS,Integrations Product Lead,G0;i18n/routes;PC-129–131;policy approval,§14.1–14.3; §15.1–15.4,I1.5-REFERRAL,critical-P0,QA-REF-BE-001;QA-REF-UI-001,artifacts/qa/backend-build/080033ae56e3c793ba3a998276cac5daeb969d50/20260715T011720Z;artifacts/qa/referral-compliance/080033ae56e3c793ba3a998276cac5daeb969d50/20260715T012118Z;artifacts/qa/deploy/080033ae56e3c793ba3a998276cac5daeb969d50/20260715T042151Z-referral-only-runtime,080033ae56e3c793ba3a998276cac5daeb969d50,2026-07-15T04:26:37Z,"Exact /go/lbank returns fixed approved 302 on origin and public production, including hostile query; full surface audit remains open. Prior evidence retained in this row."
PC-120,اتصال‌ها,P0,تنها OneRoyal به عنوان بروکر نمایش یابد,Scan UI/Bundle/fixtures نام بروکر دیگری نیابد,Content + code scan,IN_PROGRESS,EVIDENCE_READY,PARTIAL,Integrations Product Lead,G0;i18n/routes;PC-129–131;policy approval,§14.1–14.3; §15.1–15.4,I1.5-REFERRAL,critical-P0,QA-REF-UI-001;QA-INV-003,artifacts/qa/referral-compliance/080033ae56e3c793ba3a998276cac5daeb969d50/20260715T012118Z;artifacts/qa/frontend-inventory/080033ae56e3c793ba3a998276cac5daeb969d50/20260715T012524Z;artifacts/qa/deploy/080033ae56e3c793ba3a998276cac5daeb969d50/20260715T042151Z-referral-only-runtime,080033ae56e3c793ba3a998276cac5daeb969d50,2026-07-15T04:26:37Z,Production UI exposes only OneRoyal as broker/referral path; full bundle/tree scan remains open. Prior evidence retained in this row.
PC-121,اتصال‌ها,P0,لینک OneRoyal دقیق باشد,Redirect داخلی مقصد دقیق و status مناسب داشته باشد,Redirect contract test,IN_PROGRESS,EVIDENCE_READY,PASS,Integrations Product Lead,G0;i18n/routes;PC-129–131;policy approval,§14.1–14.3; §15.1–15.4,I1.5-REFERRAL,critical-P0,QA-REF-BE-001;QA-REF-UI-001,artifacts/qa/backend-build/080033ae56e3c793ba3a998276cac5daeb969d50/20260715T011720Z;artifacts/qa/referral-compliance/080033ae56e3c793ba3a998276cac5daeb969d50/20260715T012118Z;artifacts/qa/deploy/080033ae56e3c793ba3a998276cac5daeb969d50/20260715T042151Z-referral-only-runtime,080033ae56e3c793ba3a998276cac5daeb969d50,2026-07-15T04:26:37Z,"Exact /go/oneroyal returns fixed approved 302 on origin and public production, including hostile query; full surface audit remains open. Prior evidence retained in this row."
PC-122,اتصال‌ها,P0,Disclosure لینک معرفی نمایش یابد,قبل از خروج، متن شفاف و قابل‌دسترسی وجود داشته باشد,E2E + a11y,IN_PROGRESS,EVIDENCE_READY,PASS,Integrations Product Lead,G0;i18n/routes;PC-129–131;policy approval,§14.1–14.3; §15.1–15.4,I1.5-REFERRAL,critical-P0,QA-REF-UI-001,artifacts/qa/referral-compliance/080033ae56e3c793ba3a998276cac5daeb969d50/20260715T012118Z;artifacts/qa/deploy/080033ae56e3c793ba3a998276cac5daeb969d50/20260715T042151Z-referral-only-runtime,080033ae56e3c793ba3a998276cac5daeb969d50,2026-07-15T04:26:37Z,Disclosure is enforced in actual User Portal and Main surfaces; candidate and production browser are 4/4 each. Prior evidence retained in this row.
PC-123,اتصال‌ها,P0,Eligibility gate وجود داشته باشد,UI خدمت را برای محل نامجاز قطعی معرفی نکند,Policy E2E,IN_PROGRESS,EVIDENCE_READY,PARTIAL,Integrations Product Lead,G0;i18n/routes;PC-129–131;policy approval,§14.1–14.3; §15.1–15.4,I1.5-REFERRAL,critical-P0,QA-REF-UI-001,artifacts/qa/referral-compliance/080033ae56e3c793ba3a998276cac5daeb969d50/20260715T012118Z;artifacts/qa/deploy/080033ae56e3c793ba3a998276cac5daeb969d50/20260715T042151Z-referral-only-runtime,080033ae56e3c793ba3a998276cac5daeb969d50,2026-07-15T04:26:37Z,Eligibility acknowledgement is enforced in actual User Portal and Main surfaces; policy coverage for every region remains open. Prior evidence retained in this row.
PC-124,اتصال‌ها,P1,LBank public API با Adapter رسمی باشد,REST/WS، rate limit، time sync، reconnect و mapping پاس شود,Provider contract suite,NOT_STARTED,BASELINING,NOT_ASSESSED,LBank Integration/Security Lead,PC-049–058;PC-118–123;PC-128–135,§14.2–14.4; §27.3,I7,P1,,,,,
PC-125,اتصال‌ها,P1,کلید LBank فقط Server-side باشد,Secret vault، no-withdrawal، rotation و revoke پاس شود,Security audit,NOT_STARTED,BASELINING,NOT_ASSESSED,LBank Integration/Security Lead,PC-049–058;PC-118–123;PC-128–135,§14.2–14.4; §27.3,I7,P1,,,,,
PC-126,اتصال‌ها,P1,OneRoyal تا API رسمی Referral-only بماند,هیچ fake connection/order UI فعال نباشد,E2E + code audit,IN_PROGRESS,EVIDENCE_READY,PARTIAL,Broker Integration Architect,PC-120–123;PC-049;PC-128–134,§15.2–15.4; §26,I7,P1,QA-REF-UI-001;QA-REF-BE-001,artifacts/qa/referral-compliance/080033ae56e3c793ba3a998276cac5daeb969d50/20260715T012118Z;artifacts/qa/backend-build/080033ae56e3c793ba3a998276cac5daeb969d50/20260715T011720Z;artifacts/qa/deploy/080033ae56e3c793ba3a998276cac5daeb969d50/20260715T042151Z-referral-only-runtime,080033ae56e3c793ba3a998276cac5daeb969d50,2026-07-15T04:26:37Z,"OneRoyal is fail-closed referral-only across actual User Portal, Main UI and backend legacy paths; full independent adapter audit remains open. Prior evidence retained in this row."
PC-127,اتصال‌ها,P1,Broker adapter مستقل آماده باشد,Interface و test double بدون scraping پیاده شود,Architecture/contract tests,NOT_STARTED,BASELINING,NOT_ASSESSED,Broker Integration Architect,PC-120–123;PC-049;PC-128–134,§15.2–15.4; §26,I7,P1,,,,,
PC-128,امنیت,P0,Threat model کامل باشد,Auth/Data/Script/AI/Webhook/Trading پوشش و Owner داشته باشد,Threat model review,IN_PROGRESS,BASELINED,PARTIAL,AppSec Lead,GOV;INVENTORY,§27; §34/F0,I0-SAFETY,critical,QA-SEC-003,docs/security/THREAT_MODEL.md;artifacts/qa/security-headers/080033ae56e3c793ba3a998276cac5daeb969d50/20260715T012839Z,080033ae56e3c793ba3a998276cac5daeb969d50,2026-07-15T01:43:23Z,Header و Referral edge current به threat controls جزئی نگاشت شدند؛ Owner approval و پوشش کامل Auth/Data/Script/AI/Webhook/Trading باز است
PC-129,امنیت,P0,2FA و Session controls باشد,TOTP/backup/recovery/device logout و rotation پاس شود,Security E2E,NOT_STARTED,BASELINING,NOT_ASSESSED,Identity/Security Lead,G0;threat model,§25; §27.1,I1,critical-P0,,,,,
PC-130,امنیت,P0,CSP و Headerهای امن اعمال شوند,Scanner هیچ High finding نداشته باشد,DAST/header scan,IN_PROGRESS,EVIDENCE_READY,PARTIAL,AppSec/Supply-chain Lead,INVENTORY;PC-128,§27.1; §33.1,I0-baseline→I1-enforce,critical-P0,QA-SEC-003,docs/security/SECURITY_REPORT.md;artifacts/qa/security-headers/080033ae56e3c793ba3a998276cac5daeb969d50/20260715T012839Z;artifacts/qa/deploy/080033ae56e3c793ba3a998276cac5daeb969d50/20260715T042151Z-referral-only-runtime,080033ae56e3c793ba3a998276cac5daeb969d50,2026-07-15T04:26:37Z,Panel/User production boundary has seven security headers and CSP; authenticated DAST and residual Medium findings remain open. Prior evidence retained in this row.
PC-131,امنیت,P0,Permission سمت سرور enforce شود,تغییر Client نتواند Entitlement/RBAC را دور بزند,Authorization tests,NOT_STARTED,BASELINING,NOT_ASSESSED,AppSec/Supply-chain Lead,INVENTORY;PC-128,§27.1; §33.1,I0-baseline→I1-enforce,critical-P0,,,,,
PC-132,امنیت,P0,Secret scan صفر باشد,Git history/current build/log artifact Secret نداشته باشد,Secret scan,IN_PROGRESS,BASELINED,FAIL,AppSec/Supply-chain Lead,INVENTORY;PC-128,§27.1; §33.1,I0-baseline→I1-enforce,critical-P0,SEC-001;QA-SEC-SRC-001;QA-SEC-003;QA-BE-003;QA-SEC-ART-001,docs/security/SECURITY_REPORT.md;artifacts/qa/current-source-secrets/080033ae56e3c793ba3a998276cac5daeb969d50/20260715T015218Z;artifacts/qa/security-headers/080033ae56e3c793ba3a998276cac5daeb969d50/20260715T012839Z;artifacts/qa/backend-build/080033ae56e3c793ba3a998276cac5daeb969d50/20260715T011720Z;artifacts/qa/all-artifacts-secrets/080033ae56e3c793ba3a998276cac5daeb969d50/20260715T014820Z,080033ae56e3c793ba3a998276cac5daeb969d50,2026-07-15T01:52:18Z,Strict current-source built-in scan روی همان ۱۲۸۲-file manifest بدون project config/allowlist finding صفر دارد؛ Backend دو credential-bearing Command occurrence در inventory JSONL sanitize و reseal شد و whole-artifacts raw pattern صفر بود ولی scanner exit1 با ۱۹ heuristic reviewed و بدون waiver حفظ شد؛ exposure قبلی و history و ignored/runtime storeها و Rotation/Revoke باز و Gate FAIL است
PC-133,امنیت,P0,Dependency/SBOM کنترل شود,صفر Critical/High حل‌نشده و SBOM امضا شده,SCA report,IN_PROGRESS,BASELINED,FAIL,AppSec/Supply-chain Lead,INVENTORY;PC-128,§27.1; §33.1,I0-baseline→I1-enforce,critical-P0,QA-INV-003;QA-FE-BUILD-003;QA-BE-003;QA-SCA-002,docs/security/SECURITY_REPORT.md;artifacts/qa/frontend-inventory/080033ae56e3c793ba3a998276cac5daeb969d50/20260715T012524Z;artifacts/qa/frontend-build/080033ae56e3c793ba3a998276cac5daeb969d50/20260715T011751Z;artifacts/qa/backend-build/080033ae56e3c793ba3a998276cac5daeb969d50/20260715T011720Z;artifacts/qa/supply-chain/080033ae56e3c793ba3a998276cac5daeb969d50/20260715T012504Z;artifacts/qa/deploy/080033ae56e3c793ba3a998276cac5daeb969d50/20260715T042151Z-referral-only-runtime,080033ae56e3c793ba3a998276cac5daeb969d50,2026-07-15T04:26:37Z,"Frontend runtime scans are 0 Critical/High, but backend base has 5 Critical/23 High and release images remain unsigned/unattested. Prior evidence retained in this row."
PC-134,امنیت,P0,Audit log عملیات حساس باشد,اتصال، Alert، Webhook، سفارش و تنظیم امنیت ثبت شوند,Audit tests,NOT_STARTED,BASELINING,NOT_ASSESSED,Security/Audit Platform Lead,PC-128–131;telemetry foundation,§27.1; §30.1,I1,P0-enabler,,,,,
PC-135,امنیت,P0,Backup/restore آزموده باشد,Restore در محیط Clean با RPO/RTO هدف موفق شود,Drill report,NOT_STARTED,BASELINED,PASS_BASELINE,SRE/DBA,schema inventory;threat model,§6.1; §28.3; §33.3; §38.2,I0-SAFETY,critical,,docs/RELEASE_AND_ROLLBACK.md,,,Restore drill passed; RPO/RTO undefined
PC-136,امنیت,P1,Webhook SSRF-safe باشد,Private ranges/DNS rebinding/redirect abuse مسدود شود,Security tests,NOT_STARTED,BASELINING,NOT_ASSESSED,Webhook Security Lead,PC-128;PC-130–131;PC-134,§27.3,I4,P1,,,,,
PC-137,امنیت,P1,AI tool permission محدود باشد,Prompt خارجی یا کاربر بدون مجوز Action نگیرد,Adversarial eval,NOT_STARTED,BASELINING,NOT_ASSESSED,AI Security Lead,PC-128;PC-131;AI tool model,§27.4,I6,P1,,,,,
PC-138,کارایی,P0,LCP صدک ۷۵ حداکثر ۲.۵s باشد,RUM و lab در Routeهای هدف پاس شوند,Web Vitals report,IN_PROGRESS,BASELINED,FAIL,Web Performance Lead,PC-153;telemetry/RUM foundation,§28.1; §30.1,I0-baseline→I1-budget→I8-verify,cross-cutting-P0,PERF-003,docs/performance/LATEST_REPORT.md;artifacts/qa/performance/080033ae56e3c793ba3a998276cac5daeb969d50/20260715T013244Z,080033ae56e3c793ba3a998276cac5daeb969d50,2026-07-15T01:43:23Z,Current deterministic lab LCP p75 برابر Desktop ۴۳۴۴ms و Mobile ۴۱۸۸ms در برابر ۲۵۰۰ms fail است و RUM وجود ندارد
PC-139,کارایی,P0,INP صدک ۷۵ حداکثر ۲۰۰ms باشد,تعامل‌های P0 در RUM/lab پاس شوند,Web Vitals report,NOT_STARTED,BASELINED,NOT_ASSESSED,Web Performance Lead,PC-153;telemetry/RUM foundation,§28.1; §30.1,I0-baseline→I1-budget→I8-verify,cross-cutting-P0,PERF-003,docs/performance/LATEST_REPORT.md;artifacts/qa/performance/080033ae56e3c793ba3a998276cac5daeb969d50/20260715T013244Z,080033ae56e3c793ba3a998276cac5daeb969d50,2026-07-15T01:43:23Z,Current lab INP یا interaction-to-next-paint و RUM را اندازه نگرفت
PC-140,کارایی,P0,CLS حداکثر ۰.۱ باشد,Routeها و Lazy content بدون shift غیرمجاز,Web Vitals report,IN_PROGRESS,BASELINED,PARTIAL,Web Performance Lead,PC-153;telemetry/RUM foundation,§28.1; §30.1,I0-baseline→I1-budget→I8-verify,cross-cutting-P0,PERF-003,docs/performance/LATEST_REPORT.md;artifacts/qa/performance/080033ae56e3c793ba3a998276cac5daeb969d50/20260715T013244Z,080033ae56e3c793ba3a998276cac5daeb969d50,2026-07-15T01:43:23Z,Current lab CLS p75 برابر Desktop ۰٫۰۹۲ و Mobile ۰٫۰۰۵ پاس است؛ Route matrix و RUM باز است
PC-141,کارایی,P0,چارت هدف ۶۰fps داشته باشد,p95 frame زیر ۲۰ms در دستگاه مرجع,Performance trace,IN_PROGRESS,BASELINED,FAIL,Chart Performance Lead,PC-153;Chart core,§28.2,I0-baseline→I2-optimize→I8-verify,critical-P0,PERF-003;PERF-004,docs/performance/LATEST_REPORT.md;artifacts/qa/performance/080033ae56e3c793ba3a998276cac5daeb969d50/20260715T013244Z;artifacts/qa/quote-commit/080033ae56e3c793ba3a998276cac5daeb969d50/20260715T013516Z,080033ae56e3c793ba3a998276cac5daeb969d50,2026-07-15T01:43:23Z,Current Desktop active-chart frame p75 برابر ۲۸ms در برابر strict کمتر از ۲۰ms fail است؛ Mobile ۱۹ms پاس و quote→canvas فقط MEASURED_UNGATED است و visible-pixel یا remediation claim نیست
PC-142,کارایی,P0,Memory leak در Soak صفر عملی باشد,جلسه طولانی رشد کنترل‌نشده نداشته باشد,Soak report,NOT_STARTED,BASELINING,NOT_ASSESSED,Performance/SRE Lead,PC-153;representative journeys,§28.1; §33.2,I0-baseline→I8-soak,critical-P0,,,,,
PC-143,کارایی,P1,Indicator ۱۰هزار Bar زیر Budget باشد,P0 indicatorها در Worker/benchmark هدف پاس شوند,Benchmark,NOT_STARTED,BASELINING,NOT_ASSESSED,Quant Performance Lead,PC-066–073;PC-153,§28.2,I3,P1,,,,,
PC-144,کارایی,P1,Bundle budget enforce شود,افزایش خارج Budget CI را fail کند,CI artifact,NOT_STARTED,BASELINING,NOT_ASSESSED,Build/Performance Lead,G0;CI foundation,§28.1; §33.1,I1,P1,,,,,
PC-145,کارایی,P1,Stream fan-out و Alert load پاس شود,ظرفیت هدف با error/latency در SLA,Load report,NOT_STARTED,BASELINING,NOT_ASSESSED,SRE/Load Lead,Stream;Alert;Backtest;Workspace services,§28.3; §33.2,I4-harness→I8-gate,P1-final,,,,,
PC-146,دسترس‌پذیری,P0,WCAG 2.2 AA مسیرهای P0 هدف باشد,Audit خودکار و دستی بدون Critical/Serious,A11y report,IN_PROGRESS,BASELINED,PARTIAL,Accessibility Lead,PC-153;Design System foundation,§29.1; §31; §32.2,I0-baseline→I1-framework→I8-manual,cross-cutting,QA-BRW-003;QA-A11Y-005;QA-INT-002,docs/qa/ACCESSIBILITY_REPORT.md;artifacts/qa/baseline/080033ae56e3c793ba3a998276cac5daeb969d50/20260715T011904Z;artifacts/qa/a11y-matrix/080033ae56e3c793ba3a998276cac5daeb969d50/20260715T011941Z;artifacts/qa/interactions/080033ae56e3c793ba3a998276cac5daeb969d50/20260715T012351Z,080033ae56e3c793ba3a998276cac5daeb969d50,2026-07-15T01:43:23Z,Root و پنج state current violation خودکار صفر دارند اما ۳۳ و ۱۶۳ node contrast incomplete و audit دستی و screen-reader و Reflow و همه Route/Stateها باز است
PC-147,دسترس‌پذیری,P0,Keyboard کامل باشد,تمام P0 بدون Pointer قابل انجام و focus قابل مشاهده,Keyboard walkthrough,IN_PROGRESS,BASELINED,PARTIAL,Accessibility Lead,PC-153;Design System foundation,§29.1; §31; §32.2,I0-baseline→I1-framework→I8-manual,cross-cutting,QA-INT-002;QA-JS-003;QA-A11Y-005;QA-REF-UI-001;QA-PANEL-001,artifacts/qa/interactions/080033ae56e3c793ba3a998276cac5daeb969d50/20260715T012351Z;artifacts/qa/javascript/080033ae56e3c793ba3a998276cac5daeb969d50/20260715T013052Z;artifacts/qa/a11y-matrix/080033ae56e3c793ba3a998276cac5daeb969d50/20260715T011941Z;artifacts/qa/referral-compliance/080033ae56e3c793ba3a998276cac5daeb969d50/20260715T012118Z;artifacts/qa/panel-navigation/080033ae56e3c793ba3a998276cac5daeb969d50/20260715T010846Z,080033ae56e3c793ba3a998276cac5daeb969d50,2026-07-15T01:43:23Z,Watchlist و پنج tab و onboarding focus و Referral acknowledgement و Panel palette keyboard در scope pass شدند؛ walkthrough بدون pointer همه P0 باز است
PC-148,دسترس‌پذیری,P0,Dialog focus درست باشد,trap، initial focus، escape و restore پاس شود,Component/E2E,IN_PROGRESS,BASELINED,PARTIAL,Accessibility Lead,PC-153;Design System foundation,§29.1; §31; §32.2,I0-baseline→I1-framework→I8-manual,cross-cutting,QA-A11Y-003,qa/tests/onboarding-focus.spec.mjs;artifacts/qa/a11y-focus/080033ae56e3c793ba3a998276cac5daeb969d50/20260714T234226Z,080033ae56e3c793ba3a998276cac5daeb969d50,2026-07-14T23:58:00Z,Dialog آنبوردینگ initial focus و wrap و containment و Escape durable-close و restore/fallback را در Source و build obfuscated پاس کرد؛ سایر Dialogها مانده‌اند
PC-149,دسترس‌پذیری,P0,Contrast و عدم اتکا به رنگ رعایت شود,Themeها و stateها معیار را پاس کنند,Contrast audit,IN_PROGRESS,BASELINED,PARTIAL,Accessibility Lead,PC-153;Design System foundation,§29.1; §31; §32.2,I0-baseline→I1-framework→I8-manual,cross-cutting,QA-BRW-003;QA-A11Y-005,docs/qa/ACCESSIBILITY_REPORT.md;artifacts/qa/baseline/080033ae56e3c793ba3a998276cac5daeb969d50/20260715T011904Z;artifacts/qa/a11y-matrix/080033ae56e3c793ba3a998276cac5daeb969d50/20260715T011941Z,080033ae56e3c793ba3a998276cac5daeb969d50,2026-07-15T01:43:23Z,Violation خودکار contrast صفر است اما ۳۳ node root و ۱۶۳ node matrix incomplete و Theme و عدم اتکا به رنگ نیازمند review دستی است
PC-150,دسترس‌پذیری,P1,Zoom/Reflow 200% باشد,بدون loss of content/function در Viewport هدف,Manual visual,IN_PROGRESS,BASELINED,PARTIAL,Accessibility Lead,PC-153;Design System foundation,§29.1; §31; §32.2,I0-baseline→I1-framework→I8-manual,cross-cutting,QA-BRW-003,docs/qa/ACCESSIBILITY_REPORT.md;artifacts/qa/baseline/080033ae56e3c793ba3a998276cac5daeb969d50/20260715T011904Z,080033ae56e3c793ba3a998276cac5daeb969d50,2026-07-15T01:43:23Z,meta viewport automated روی root current پاس است؛ Zoom/Reflow ۲۰۰ درصد و loss-of-content دستی انجام نشده است
PC-151,دسترس‌پذیری,P1,Screen reader announcements باشد,Stream/Alert/order/error تغییرها به‌درستی اعلام شوند,Manual SR test,NOT_STARTED,BASELINING,NOT_ASSESSED,Accessibility/Event Platform Lead,Stream;Alert;Paper;error event models,§29.1,I4,P1,,,,,
PC-152,دسترس‌پذیری,P1,جایگزین Canvas موجود باشد,جدول OHLCV و عملیات جایگزین Drawing/selection کار کند,A11y E2E,NOT_STARTED,BASELINING,NOT_ASSESSED,Accessibility/Chart Lead,Chart core;PC-146–147,§29.2,I2.5,P1,,,,,
PC-153,QA و تحویل,P0,محیط Visual قفل‌شده باشد,browser/font/timezone/clock/data/DPR ثابت و versioned,Harness audit,IN_PROGRESS,BASELINED,PARTIAL,QA Automation Lead,GOV,§31.1,I0-EVIDENCE,critical,QA-VIS-003,docs/qa/VISUAL_MATRIX.md;artifacts/qa/visual-determinism/080033ae56e3c793ba3a998276cac5daeb969d50/20260715T012203Z;artifacts/qa/visual-determinism/080033ae56e3c793ba3a998276cac5daeb969d50/20260715T012250Z,080033ae56e3c793ba3a998276cac5daeb969d50,2026-07-15T01:43:23Z,سه fixture current با browser/font/timezone/clock/data/DPR قفل و میان دو run byte-identical هستند؛ Theme و viewport matrix کامل نیست
PC-154,QA و تحویل,P0,تمام صفحات/Stateها Screenshot داشته باشند,Visual matrix هیچ خانه P0/P1 بدون artifact نداشته باشد,Evidence index,IN_PROGRESS,BASELINED,PARTIAL,Visual QA Lead,INVENTORY;PC-153;approved state/viewport matrices,§31.2–31.6; §38.3,I0-pipeline→every-increment,critical-P0,QA-BRW-003;QA-VIS-003;QA-A11Y-005;QA-REF-UI-001,docs/qa/VISUAL_MATRIX.md;artifacts/qa/baseline/080033ae56e3c793ba3a998276cac5daeb969d50/20260715T011904Z;artifacts/qa/visual-determinism/080033ae56e3c793ba3a998276cac5daeb969d50/20260715T012203Z;artifacts/qa/visual-determinism/080033ae56e3c793ba3a998276cac5daeb969d50/20260715T012250Z;artifacts/qa/a11y-matrix/080033ae56e3c793ba3a998276cac5daeb969d50/20260715T011941Z;artifacts/qa/referral-compliance/080033ae56e3c793ba3a998276cac5daeb969d50/20260715T012118Z,080033ae56e3c793ba3a998276cac5daeb969d50,2026-07-15T01:43:23Z,Actualهای current برای چند root/state/referral ثبت شد ولی Golden تصویب‌شده صفر و Route/State matrix اجباری ناقص است
PC-155,QA و تحویل,P0,Diff خارج Threshold صفر باشد,Expected/Actual/Diff و review برای همه تغییرها,Visual report,IN_PROGRESS,BASELINED,FAIL,Visual QA Lead,INVENTORY;PC-153;approved state/viewport matrices,§31.2–31.6; §38.3,I0-pipeline→every-increment,critical-P0,QA-VIS-002,docs/qa/VISUAL_MATRIX.md;artifacts/qa/visual-determinism/080033ae56e3c793ba3a998276cac5daeb969d50/20260714T234000Z-gate-check,080033ae56e3c793ba3a998276cac5daeb969d50,2026-07-14T23:58:00Z,Expected/Golden تصویب‌شده وجود ندارد؛ gate-check fail-closed شکست خورد و baseline خودکار نساخت
PC-156,QA و تحویل,P0,سه Clean run متوالی باشد,سه اجرای Full suite روی Commit تحویلی سبز باشد,CI run links,IN_PROGRESS,BASELINED,FAIL,Release Manager,all requirements EVIDENCE_READY;PC-157–162,§2.2; §33.3; §38.2,I8,critical-final,QA-PY-004;QA-FE-BUILD-003;QA-BE-003,docs/qa/PYTHON_TEST_REPORT.md;docs/qa/FRONTEND_BUILD_REPORT.md;artifacts/qa/frontend-build/080033ae56e3c793ba3a998276cac5daeb969d50/20260715T011751Z;artifacts/qa/backend-build/080033ae56e3c793ba3a998276cac5daeb969d50/20260715T011720Z;artifacts/qa/deploy/080033ae56e3c793ba3a998276cac5daeb969d50/20260715T042151Z-referral-only-runtime,080033ae56e3c793ba3a998276cac5daeb969d50,2026-07-15T04:26:37Z,"Focused and production slices pass, but three consecutive clean full-suite runs are not yet complete. Prior evidence retained in this row."
PC-157,QA و تحویل,P0,Flake P0 صفر باشد,هیچ Retry پنهان‌کننده و test flaky در P0,Flake report,IN_PROGRESS,BASELINED,PARTIAL,QA Reliability Lead,PC-153;test inventory,§32.3; §33,I0-register→every-increment,critical-P0,QA-INV-003;QA-JS-003;QA-BRW-003;QA-A11Y-005;QA-INT-002,artifacts/qa/frontend-inventory/080033ae56e3c793ba3a998276cac5daeb969d50/20260715T012524Z;artifacts/qa/javascript/080033ae56e3c793ba3a998276cac5daeb969d50/20260715T013052Z;artifacts/qa/baseline/080033ae56e3c793ba3a998276cac5daeb969d50/20260715T011904Z;artifacts/qa/a11y-matrix/080033ae56e3c793ba3a998276cac5daeb969d50/20260715T011941Z;artifacts/qa/interactions/080033ae56e3c793ba3a998276cac5daeb969d50/20260715T012351Z,080033ae56e3c793ba3a998276cac5daeb969d50,2026-07-15T01:43:23Z,Runهای browser current retry و flaky صفر دارند و inventory tests deterministically pass شد؛ CI history و تکرار full suite و تمام testهای P0 هنوز کامل نیست
PC-158,QA و تحویل,P0,Migration و Rollback پاس شود,dry-run و rollback/forward-fix در staging موفق,Release report,NOT_STARTED,BASELINING,NOT_ASSESSED,Release/SRE Lead,PC-005;PC-044;PC-075;PC-135,§6.2; §33.3; §38.2,I0-baseline→I8-release,critical-P0,,,,,
PC-159,QA و تحویل,P0,Evidence قابل ردیابی باشد,هر Requirement به test/artifact/commit پیوند داشته باشد,Traceability audit,IN_PROGRESS,EVIDENCE_READY,PARTIAL,Delivery/Traceability Lead,internal governance chain,§1; §2.2; §35.3; §40,I0-GOV,critical,TRACE-001;QA-INV-003;QA-JS-003;QA-FE-BUILD-003;QA-PANEL-001;QA-BE-003;QA-PY-004;QA-BRW-003;QA-A11Y-005;QA-INT-002;QA-REF-UI-001;QA-VIS-003;PERF-003;PERF-004;QA-SEC-003;QA-SEC-SRC-001;QA-SCA-002;QA-SEC-ART-001,docs/qa/EVIDENCE_INDEX.md;artifacts/qa/frontend-inventory/080033ae56e3c793ba3a998276cac5daeb969d50/20260715T012524Z;artifacts/qa/javascript/080033ae56e3c793ba3a998276cac5daeb969d50/20260715T013052Z;artifacts/qa/frontend-build/080033ae56e3c793ba3a998276cac5daeb969d50/20260715T011751Z;artifacts/qa/panel-navigation/080033ae56e3c793ba3a998276cac5daeb969d50/20260715T010846Z;artifacts/qa/backend-build/080033ae56e3c793ba3a998276cac5daeb969d50/20260715T011720Z;artifacts/qa/baseline/080033ae56e3c793ba3a998276cac5daeb969d50/20260715T011904Z;artifacts/qa/a11y-matrix/080033ae56e3c793ba3a998276cac5daeb969d50/20260715T011941Z;artifacts/qa/interactions/080033ae56e3c793ba3a998276cac5daeb969d50/20260715T012351Z;artifacts/qa/referral-compliance/080033ae56e3c793ba3a998276cac5daeb969d50/20260715T012118Z;artifacts/qa/visual-determinism/080033ae56e3c793ba3a998276cac5daeb969d50/20260715T012203Z;artifacts/qa/visual-determinism/080033ae56e3c793ba3a998276cac5daeb969d50/20260715T012250Z;artifacts/qa/performance/080033ae56e3c793ba3a998276cac5daeb969d50/20260715T013244Z;artifacts/qa/quote-commit/080033ae56e3c793ba3a998276cac5daeb969d50/20260715T013516Z;artifacts/qa/security-headers/080033ae56e3c793ba3a998276cac5daeb969d50/20260715T012839Z;artifacts/qa/current-source-secrets/080033ae56e3c793ba3a998276cac5daeb969d50/20260715T015218Z;artifacts/qa/supply-chain/080033ae56e3c793ba3a998276cac5daeb969d50/20260715T012504Z;artifacts/qa/all-artifacts-secrets/080033ae56e3c793ba3a998276cac5daeb969d50/20260715T014820Z;artifacts/qa/deploy/080033ae56e3c793ba3a998276cac5daeb969d50/20260715T042151Z-referral-only-runtime,080033ae56e3c793ba3a998276cac5daeb969d50,2026-07-15T04:26:37Z,"Current deployment, QA and checksum evidence is linked; traceability for all 162 requirements is not complete. Prior evidence retained in this row."
PC-160,QA و تحویل,P0,Execution state همیشه قابل Resume باشد,فاز، مانع، action بعدی و فرمان Resume به‌روز باشد,State audit,IN_PROGRESS,EVIDENCE_READY,PARTIAL,Delivery/Traceability Lead,internal governance chain,§1; §2.2; §35.3; §40,I0-GOV,critical,,docs/EXECUTION_STATE.md;artifacts/qa/deploy/080033ae56e3c793ba3a998276cac5daeb969d50/20260715T042151Z-referral-only-runtime,080033ae56e3c793ba3a998276cac5daeb969d50,2026-07-15T04:26:37Z,Execution state and Resume command were refreshed after DEPLOY-039; Goal remains IN_PROGRESS. Prior evidence retained in this row.
PC-161,QA و تحویل,P1,Cross-browser/device matrix پاس شود,Browserهای هدف و Viewportها بدون defect زیاد,Compatibility report,NOT_STARTED,BASELINING,NOT_ASSESSED,Compatibility QA Lead,PC-153–155;all UI journeys stable,§31.2; §33.2; §38.2,I8,P1-final,,,,,
PC-162,QA و تحویل,P1,Release artifact امضا و دارای SBOM باشد,provenance/hash/SBOM قابل تأیید,Supply-chain report,IN_PROGRESS,BASELINED,FAIL,Supply-chain/Release Lead,PC-133;reproducible build;release pipeline,§33.3; §35.1; §38.2,I8,P1-final,QA-SCA-002,docs/security/SECURITY_REPORT.md;artifacts/qa/supply-chain/080033ae56e3c793ba3a998276cac5daeb969d50/20260715T012504Z;artifacts/qa/deploy/080033ae56e3c793ba3a998276cac5daeb969d50/20260715T042151Z-referral-only-runtime,080033ae56e3c793ba3a998276cac5daeb969d50,2026-07-15T04:26:37Z,"Exact images have SBOMs and checksum manifests, but signing, provenance and attestation are still absent. Prior evidence retained in this row."
